{
  "per_depth_layer": {
    "1": {
      "0": {
        "DERR": {
          "mean": 0.41666666666666674,
          "std": 0.19837301190396806
        },
        "USO": {
          "mean": 0.41944444444444445,
          "std": 0.2722363941889248
        },
        "TDC": {
          "mean": 0.24851501542041543,
          "std": 0.49716744895032683
        },
        "AMTH": {
          "mean": 0.35250163078308105,
          "std": 0.12834610044956207
        }
      },
      "1": {
        "DERR": {
          "mean": 0.16666666666666666,
          "std": 0.21516574145596762
        },
        "USO": {
          "mean": 0.29027777777777775,
          "std": 0.24584118003798536
        },
        "TDC": {
          "mean": -0.058200920625326724,
          "std": 0.5464249677960892
        },
        "AMTH": {
          "mean": 0.23398537933826447,
          "std": 0.13011261820793152
        }
      },
      "2": {
        "DERR": {
          "mean": 0.3333333333333333,
          "std": 0.3042903097250923
        },
        "USO": {
          "mean": 0.3416666666666666,
          "std": 0.23760962382305423
        },
        "TDC": {
          "mean": 0.20194938532959159,
          "std": 0.5054368860352401
        },
        "AMTH": {
          "mean": 0.29995039105415344,
          "std": 0.21857605874538422
        }
      },
      "3": {
        "DERR": {
          "mean": 0.19444444444444442,
          "std": 0.28733556757746115
        },
        "USO": {
          "mean": 0.28055555555555556,
          "std": 0.2632448280710807
        },
        "TDC": {
          "mean": 0.034831159635935645,
          "std": 0.5822328775084326
        },
        "AMTH": {
          "mean": 0.2545318305492401,
          "std": 0.21707677841186523
        }
      },
      "4": {
        "DERR": {
          "mean": 0.3333333333333333,
          "std": 0.23570226039551584
        },
        "USO": {
          "mean": 0.34861111111111115,
          "std": 0.18477442871288452
        },
        "TDC": {
          "mean": 0.10196723314583162,
          "std": 0.37369637362554103
        },
        "AMTH": {
          "mean": 0.2889402210712433,
          "std": 0.17249059677124023
        }
      },
      "5": {
        "DERR": {
          "mean": 0.3611111111111111,
          "std": 0.31793119839609985
        },
        "USO": {
          "mean": 0.36111111111111116,
          "std": 0.2209337647238686
        },
        "TDC": {
          "mean": 0.23448109793909874,
          "std": 0.38943822774323705
        },
        "AMTH": {
          "mean": 0.2993854582309723,
          "std": 0.14347493648529053
        }
      },
      "6": {
        "DERR": {
          "mean": 0.5,
          "std": 0.3191423692521127
        },
        "USO": {
          "mean": 0.526388888888889,
          "std": 0.22365424014715765
        },
        "TDC": {
          "mean": 0.3979323578023406,
          "std": 0.38989769040639405
        },
        "AMTH": {
          "mean": 0.34980300068855286,
          "std": 0.14403881132602692
        }
      },
      "7": {
        "DERR": {
          "mean": 0.38888888888888884,
          "std": 0.29917582261858355
        },
        "USO": {
          "mean": 0.4875,
          "std": 0.2596405100219233
        },
        "TDC": {
          "mean": 0.32807371713380307,
          "std": 0.43352778438032447
        },
        "AMTH": {
          "mean": 0.3338053226470947,
          "std": 0.18817803263664246
        }
      },
      "8": {
        "DERR": {
          "mean": 0.3055555555555555,
          "std": 0.21336515966301686
        },
        "USO": {
          "mean": 0.32916666666666666,
          "std": 0.18460731597396435
        },
        "TDC": {
          "mean": 0.03192224077433299,
          "std": 0.34180139374520957
        },
        "AMTH": {
          "mean": 0.29200753569602966,
          "std": 0.12634989619255066
        }
      },
      "9": {
        "DERR": {
          "mean": 0.2777777777777778,
          "std": 0.12422599874998831
        },
        "USO": {
          "mean": 0.2791666666666667,
          "std": 0.19162137145944866
        },
        "TDC": {
          "mean": 0.012072524013915445,
          "std": 0.3727619567313109
        },
        "AMTH": {
          "mean": 0.29049885272979736,
          "std": 0.09860251843929291
        }
      },
      "10": {
        "DERR": {
          "mean": 0.25,
          "std": 0.19837301190396806
        },
        "USO": {
          "mean": 0.21805555555555556,
          "std": 0.20474219712592376
        },
        "TDC": {
          "mean": 0.13036027994447455,
          "std": 0.4265187386854596
        },
        "AMTH": {
          "mean": 0.26144859194755554,
          "std": 0.10738793760538101
        }
      },
      "11": {
        "DERR": {
          "mean": 0.16666666666666666,
          "std": 0.2545875386086578
        },
        "USO": {
          "mean": 0.2486111111111111,
          "std": 0.19993729726968446
        },
        "TDC": {
          "mean": -0.017512906931092875,
          "std": 0.4599403765083849
        },
        "AMTH": {
          "mean": 0.21349485218524933,
          "std": 0.06332205981016159
        }
      }
    },
    "2": {
      "0": {
        "DERR": {
          "mean": 0.11904761904761903,
          "std": 0.12821820969367867
        },
        "USO": {
          "mean": 0.17237623487623488,
          "std": 0.12656939057350403
        },
        "TDC": {
          "mean": 0.05956933748926885,
          "std": 0.2703268584023836
        },
        "AMTH": {
          "mean": 0.15518958866596222,
          "std": 0.057438816875219345
        }
      },
      "1": {
        "DERR": {
          "mean": 0.08333333333333333,
          "std": 0.13625622788404282
        },
        "USO": {
          "mean": 0.1440712065712066,
          "std": 0.1009492105604051
        },
        "TDC": {
          "mean": -0.0372397008581464,
          "std": 0.21906375947558815
        },
        "AMTH": {
          "mean": 0.10186856240034103,
          "std": 0.0794147178530693
        }
      },
      "2": {
        "DERR": {
          "mean": 0.16666666666666666,
          "std": 0.18288442256830018
        },
        "USO": {
          "mean": 0.18543956043956042,
          "std": 0.11234570974255091
        },
        "TDC": {
          "mean": 0.12277211810275829,
          "std": 0.21498983580172606
        },
        "AMTH": {
          "mean": 0.14693406224250793,
          "std": 0.13097038865089417
        }
      },
      "3": {
        "DERR": {
          "mean": 0.14285714285714285,
          "std": 0.14285714285714285
        },
        "USO": {
          "mean": 0.17398573648573648,
          "std": 0.14444994787697046
        },
        "TDC": {
          "mean": 0.15737781489809036,
          "std": 0.2331433182787616
        },
        "AMTH": {
          "mean": 0.13449423015117645,
          "std": 0.1065429076552391
        }
      },
      "4": {
        "DERR": {
          "mean": 0.17857142857142858,
          "std": 0.19452541236152607
        },
        "USO": {
          "mean": 0.18720723720723723,
          "std": 0.1645487469639489
        },
        "TDC": {
          "mean": 0.09553169211370803,
          "std": 0.29677281333195077
        },
        "AMTH": {
          "mean": 0.15141892433166504,
          "std": 0.09898826479911804
        }
      },
      "5": {
        "DERR": {
          "mean": 0.15476190476190474,
          "std": 0.15927485905071012
        },
        "USO": {
          "mean": 0.2021922521922522,
          "std": 0.15430769879670783
        },
        "TDC": {
          "mean": 0.1233261894789723,
          "std": 0.21368157979459498
        },
        "AMTH": {
          "mean": 0.16379539668560028,
          "std": 0.10150197148323059
        }
      },
      "6": {
        "DERR": {
          "mean": 0.17857142857142858,
          "std": 0.16624095290201119
        },