{
  "per_depth_layer": {
    "1": {
      "0": {
        "DERR": {
          "mean": 0.4166666666666667,
          "std": 0.24056261216234406
        },
        "USO": {
          "mean": 0.55,
          "std": 0.2872281323269014
        },
        "TDC": {
          "mean": 0.3211012293408168,
          "std": 0.46957971807450033
        },
        "AMTH": {
          "mean": 0.35250163078308105,
          "std": 0.12834610044956207
        }
      },
      "1": {
        "DERR": {
          "mean": 0.19444444444444442,
          "std": 0.2133651596630169
        },
        "USO": {
          "mean": 0.35000000000000003,
          "std": 0.253311402559511
        },
        "TDC": {
          "mean": -0.10999011822970578,
          "std": 0.4889845371742537
        },
        "AMTH": {
          "mean": 0.23398537933826447,
          "std": 0.13011261820793152
        }
      },
      "2": {
        "DERR": {
          "mean": 0.27777777777777773,
          "std": 0.29917582261858355
        },
        "USO": {
          "mean": 0.43333333333333335,
          "std": 0.2867441755680875
        },
        "TDC": {
          "mean": 0.01598457443509001,
          "std": 0.5352604530874557
        },
        "AMTH": {
          "mean": 0.29995039105415344,
          "std": 0.21857605874538422
        }
      },
      "3": {
        "DERR": {
          "mean": 0.16666666666666666,
          "std": 0.2545875386086578
        },
        "USO": {
          "mean": 0.35000000000000003,
          "std": 0.3253203549323856
        },
        "TDC": {
          "mean": -0.0924950591148529,
          "std": 0.6253593316397938
        },
        "AMTH": {
          "mean": 0.2545318305492401,
          "std": 0.21707677841186523
        }
      },
      "4": {
        "DERR": {
          "mean": 0.2777777777777778,
          "std": 0.22906142364542556
        },
        "USO": {
          "mean": 0.44166666666666665,
          "std": 0.21778557242286634
        },
        "TDC": {
          "mean": 0.1509746926647958,
          "std": 0.45995488259895917
        },
        "AMTH": {
          "mean": 0.2889402210712433,
          "std": 0.17249059677124023
        }
      },
      "5": {
        "DERR": {
          "mean": 0.38888888888888884,
          "std": 0.29917582261858355
        },
        "USO": {
          "mean": 0.5916666666666667,
          "std": 0.3121386800054674
        },
        "TDC": {
          "mean": 0.3398635815536846,
          "std": 0.5466668069174804
        },
        "AMTH": {
          "mean": 0.2993854582309723,
          "std": 0.14347493648529053
        }
      },
      "6": {
        "DERR": {
          "mean": 0.47222222222222215,
          "std": 0.2873355675774611
        },
        "USO": {
          "mean": 0.7083333333333334,
          "std": 0.24650332429581734
        },
        "TDC": {
          "mean": 0.5424950591148529,
          "std": 0.4294214882137083
        },
        "AMTH": {
          "mean": 0.34980300068855286,
          "std": 0.14403881132602692
        }
      },
      "7": {
        "DERR": {
          "mean": 0.3888888888888889,
          "std": 0.29917582261858355
        },
        "USO": {
          "mean": 0.5750000000000001,
          "std": 0.2680951323690902
        },
        "TDC": {
          "mean": 0.27860617022596396,
          "std": 0.4875001330151603
        },
        "AMTH": {
          "mean": 0.3338053226470947,
          "std": 0.18817803263664246
        }
      },
      "8": {
        "DERR": {
          "mean": 0.3055555555555556,
          "std": 0.21336515966301683
        },
        "USO": {
          "mean": 0.4000000000000001,
          "std": 0.1414213562373095
        },
        "TDC": {
          "mean": 0.021393829774036033,
          "std": 0.36944112994094747
        },
        "AMTH": {
          "mean": 0.29200753569602966,
          "std": 0.12634989619255066
        }
      },
      "9": {
        "DERR": {
          "mean": 0.19444444444444442,
          "std": 0.16433554953054488
        },
        "USO": {
          "mean": 0.375,
          "std": 0.1479019945774904
        },
        "TDC": {
          "mean": 0.015838274218480452,
          "std": 0.33751417116388893
        },
        "AMTH": {
          "mean": 0.29049885272979736,
          "std": 0.09860251843929291
        }
      },
      "10": {
        "DERR": {
          "mean": 0.4166666666666667,
          "std": 0.2763853991962833
        },
        "USO": {
          "mean": 0.525,
          "std": 0.30310889132455354
        },
        "TDC": {
          "mean": 0.3174950591148529,
          "std": 0.5126480259873895
        },
        "AMTH": {
          "mean": 0.26144859194755554,
          "std": 0.10738793760538101
        }
      },
      "11": {
        "DERR": {
          "mean": 0.2777777777777778,
          "std": 0.32867109906108977
        },
        "USO": {
          "mean": 0.4583333333333333,
          "std": 0.2782634642844
        },
        "TDC": {
          "mean": 0.019590744661054,
          "std": 0.4963622286021416
        },
        "AMTH": {
          "mean": 0.21349485218524933,
          "std": 0.06332205981016159
        }
      }
    },
    "2": {
      "0": {
        "DERR": {
          "mean": 0.10714285714285714,
          "std": 0.132030196504874
        },
        "USO": {
          "mean": 0.18255633255633255,
          "std": 0.14130338076409696
        },
        "TDC": {
          "mean": 0.057925292716138034,
          "std": 0.21914611143899235
        },
        "AMTH": {
          "mean": 0.15518958866596222,
          "std": 0.057438816875219345
        }
      },
      "1": {
        "DERR": {
          "mean": 0.07142857142857141,
          "std": 0.12371791482634838
        },
        "USO": {
          "mean": 0.15891608391608392,
          "std": 0.10187605286369703
        },
        "TDC": {
          "mean": -0.09231151044941234,
          "std": 0.23132997750160433
        },
        "AMTH": {
          "mean": 0.10186856240034103,
          "std": 0.0794147178530693
        }
      },
      "2": {
        "DERR": {
          "mean": 0.16666666666666666,
          "std": 0.1632298714381201
        },
        "USO": {
          "mean": 0.20079642579642576,
          "std": 0.10861639049345014
        },
        "TDC": {
          "mean": 0.06630998165746321,
          "std": 0.20208300945882046
        },
        "AMTH": {
          "mean": 0.14693406224250793,
          "std": 0.13097038865089417
        }
      },
      "3": {
        "DERR": {
          "mean": 0.14285714285714285,
          "std": 0.14285714285714285
        },
        "USO": {
          "mean": 0.19239186739186742,
          "std": 0.15281489636468243
        },
        "TDC": {
          "mean": 0.11078932928682757,
          "std": 0.23760292933801352
        },
        "AMTH": {
          "mean": 0.13449423015117645,
          "std": 0.1065429076552391
        }
      },
      "4": {
        "DERR": {
          "mean": 0.16666666666666666,
          "std": 0.15245533898649638
        },
        "USO": {
          "mean": 0.18605283605283607,
          "std": 0.152960319478902
        },
        "TDC": {
          "mean": 0.07934168226304951,
          "std": 0.33473773573738935
        },
        "AMTH": {
          "mean": 0.15141892433166504,
          "std": 0.09898826479911804
        }
      },
      "5": {
        "DERR": {
          "mean": 0.15476190476190477,
          "std": 0.16961674819970246
        },
        "USO": {
          "mean": 0.23234913234913238,
          "std": 0.17247191784186244
        },
        "TDC": {
          "mean": 0.055903134641533236,
          "std": 0.2732213961198038
        },
        "AMTH": {
          "mean": 0.16379539668560028,
          "std": 0.10150197148323059
        }
      },
      "6": {
        "DERR": {
          "mean": 0.19047619047619044,
          "std": 0.1579345138264476
        },