{
  "per_depth_layer": {
    "1": {
      "0": {
        "DERR": {
          "mean": 0.37037037037037035,
          "std": 0.24567591039669628
        },
        "USO": {
          "mean": 0.5722222222222223,
          "std": 0.29022128636908834
        },
        "TDC": {
          "mean": 0.3128654294852232,
          "std": 0.4822316059721292
        },
        "AMTH": {
          "mean": 0.31422048807144165,
          "std": 0.11614576727151871
        }
      },
      "1": {
        "DERR": {
          "mean": 0.1759259259259259,
          "std": 0.21496642159710921
        },
        "USO": {
          "mean": 0.36944444444444435,
          "std": 0.26855523376066776
        },
        "TDC": {
          "mean": -0.10531172186120627,
          "std": 0.4968625606760797
        },
        "AMTH": {
          "mean": 0.22484448552131653,
          "std": 0.12731888890266418
        }
      },
      "2": {
        "DERR": {
          "mean": 0.2222222222222222,
          "std": 0.26057865332352387
        },
        "USO": {
          "mean": 0.4333333333333333,
          "std": 0.2867441755680875
        },
        "TDC": {
          "mean": 0.09589033488078175,
          "std": 0.5251714421752687
        },
        "AMTH": {
          "mean": 0.29652658104896545,
          "std": 0.18781645596027374
        }
      },
      "3": {
        "DERR": {
          "mean": 0.2592592592592593,
          "std": 0.2844868795506892
        },
        "USO": {
          "mean": 0.4694444444444444,
          "std": 0.3331828363963783
        },
        "TDC": {
          "mean": 0.1143113199215605,
          "std": 0.5874885519573982
        },
        "AMTH": {
          "mean": 0.2759266197681427,
          "std": 0.19775377213954926
        }
      },
      "4": {
        "DERR": {
          "mean": 0.36111111111111105,
          "std": 0.24056261216234406
        },
        "USO": {
          "mean": 0.5444444444444445,
          "std": 0.27125679146074894
        },
        "TDC": {
          "mean": 0.3003248975549319,
          "std": 0.48364232050165396
        },
        "AMTH": {
          "mean": 0.32085666060447693,
          "std": 0.16020816564559937
        }
      },
      "5": {
        "DERR": {
          "mean": 0.4166666666666667,
          "std": 0.28733556757746115
        },
        "USO": {
          "mean": 0.6333333333333333,
          "std": 0.2990726407487727
        },
        "TDC": {
          "mean": 0.4400909456308768,
          "std": 0.5227764992955363
        },
        "AMTH": {
          "mean": 0.33901336789131165,
          "std": 0.14531655609607697
        }
      },
      "6": {
        "DERR": {
          "mean": 0.41666666666666674,
          "std": 0.29788348041010027
        },
        "USO": {
          "mean": 0.6361111111111111,
          "std": 0.25072425953821786
        },
        "TDC": {
          "mean": 0.4393923837821432,
          "std": 0.42646524439769307
        },
        "AMTH": {
          "mean": 0.3572116196155548,
          "std": 0.1429431438446045
        }
      },
      "7": {
        "DERR": {
          "mean": 0.42592592592592593,
          "std": 0.2898606637499727
        },
        "USO": {
          "mean": 0.5666666666666667,
          "std": 0.2748737083745107
        },
        "TDC": {
          "mean": 0.29995123326113016,
          "std": 0.5022464334242198
        },
        "AMTH": {
          "mean": 0.38373926281929016,
          "std": 0.16520197689533234
        }
      },
      "8": {
        "DERR": {
          "mean": 0.37962962962962965,
          "std": 0.2849385658042429
        },
        "USO": {
          "mean": 0.47500000000000003,
          "std": 0.23258809561588104
        },
        "TDC": {
          "mean": 0.15342757288764164,
          "std": 0.4644890777344475
        },
        "AMTH": {
          "mean": 0.3331698775291443,
          "std": 0.15187962353229523
        }
      },
      "9": {
        "DERR": {
          "mean": 0.39814814814814814,
          "std": 0.2584312173509789
        },
        "USO": {
          "mean": 0.5972222222222222,
          "std": 0.2692439116314746
        },
        "TDC": {
          "mean": 0.3551818912617538,
          "std": 0.480855869600861
        },
        "AMTH": {
          "mean": 0.32325074076652527,
          "std": 0.13151659071445465
        }
      },
      "10": {
        "DERR": {
          "mean": 0.287037037037037,
          "std": 0.3157665352774061
        },
        "USO": {
          "mean": 0.39722222222222225,
          "std": 0.2543904600664882
        },
        "TDC": {
          "mean": 0.039360086660430386,
          "std": 0.5072561564628284
        },
        "AMTH": {
          "mean": 0.1900574117898941,
          "std": 0.12614445388317108
        }
      },
      "11": {
        "DERR": {
          "mean": 0.12037037037037036,
          "std": 0.22433410073306884
        },
        "USO": {
          "mean": 0.2805555555555555,
          "std": 0.16967197837861614
        },
        "TDC": {
          "mean": -0.22030513401434348,
          "std": 0.3758318753700997
        },
        "AMTH": {
          "mean": 0.12109312415122986,
          "std": 0.12435855716466904
        }
      }
    },
    "2": {
      "0": {
        "DERR": {
          "mean": 0.20171957671957674,
          "std": 0.14024127419694313
        },
        "USO": {
          "mean": 0.27532560032560033,
          "std": 0.14612345231598572
        },
        "TDC": {
          "mean": 0.19184984866016525,
          "std": 0.16490558106542025
        },
        "AMTH": {
          "mean": 0.1774514615535736,
          "std": 0.07371803373098373
        }
      },
      "1": {
        "DERR": {
          "mean": 0.09193121693121692,
          "std": 0.14495296604028352
        },
        "USO": {
          "mean": 0.17153587153587155,
          "std": 0.13355483656117026
        },
        "TDC": {
          "mean": -0.0939592915263063,
          "std": 0.23220106299430185
        },
        "AMTH": {
          "mean": 0.11793915182352066,
          "std": 0.08832326531410217
        }
      },
      "2": {
        "DERR": {
          "mean": 0.16137566137566137,
          "std": 0.16761926473717967
        },
        "USO": {
          "mean": 0.20650738150738152,
          "std": 0.13847287879656806
        },
        "TDC": {
          "mean": 0.07204478365122503,
          "std": 0.22722968500461962
        },
        "AMTH": {
          "mean": 0.1659051924943924,
          "std": 0.13634784519672394
        }
      },
      "3": {
        "DERR": {
          "mean": 0.16732804232804233,
          "std": 0.1880203882208504
        },
        "USO": {
          "mean": 0.24832266498933167,
          "std": 0.16462320885783718
        },
        "TDC": {
          "mean": 0.07607211703694486,
          "std": 0.229358033026301
        },
        "AMTH": {
          "mean": 0.15963976085186005,
          "std": 0.1314423829317093
        }
      },
      "4": {
        "DERR": {
          "mean": 0.19708994708994707,
          "std": 0.16501554695064868
        },
        "USO": {
          "mean": 0.23350384183717518,
          "std": 0.1572392639564568
        },
        "TDC": {
          "mean": 0.11903981952212983,
          "std": 0.24930280402654
        },
        "AMTH": {
          "mean": 0.17510488629341125,
          "std": 0.10660336166620255
        }
      },
      "5": {
        "DERR": {
          "mean": 0.23412698412698413,
          "std": 0.1688724034202636
        },
        "USO": {
          "mean": 0.31482313982313975,
          "std": 0.15871363181995596
        },
        "TDC": {
          "mean": 0.2361646915365237,
          "std": 0.23482791421857302
        },
        "AMTH": {
          "mean": 0.20387786626815796,
          "std": 0.11361262947320938
        }
      },
      "6": {
        "DERR": {
          "mean": 0.2579365079365079,